{
    "name": "Training",
    "locale": "pt-BR",
    "data": [
      {
        "intent": "SAUDACAO.RECEPCAO",
        "utterances": [
            "Pix"
        ],
        "answers": [
            "Oi, no que posso te ajudar?"
        ]
      },
      {
        "intent": "INTENCAO.TESTE",
        "utterances":[
          "teste"
        ],
        "answers":[
          "Você deseja receber um teste grátis? Responda com *sim*, para confirmar."
        ]
      },
      {
        "intent": "INTENCAO.IGNORAR",
        "utterances":[
          "to cagado de fome",
          "mas a principio ele esta se saido bem",
          "Tá ficando top",
          "Coloca um amigo meu aqui no grupo",
          "epois que cria o primeiro ele fica bugado",
          "!teste",
          "!comprar",
          "Ele entendeu as variações  de palavras ",
          "!TESTE",
          "!COMPRAR",
          "no privado ele não gera a conta",
          "Tinha um código errado",
          "!COMPRAR",
          "Pra você ver você dorme com Pix funcionando e acorda com ele todo cagado",
          "Deem a opnião de vocês sobre frases para por",
          "questão de design tambem",
          "me manda o número dele",
          "o primeiro ele vem normal",
          "Em teoria está funcionando criação de teste e compra ssh",
          "não seria um número pra falar com o dono do Pix",
          "Mas axo que estás opção  já são suficientes  o resto e frescura",
          "eita cade o pix?",
          "Isso é verdade",
          "Oque não pode é não identificar   isto já tá fazendo e não tá liberado  o teste e oque importa",
          "vou simular um pagamento pra ver"
        ],
        "answers":[
          "Não identifiquei o seu pedido."
        ]
      },
      {
        "intent": "INTENCAO.COMPRAR",
        "utterances":[
          "adquirir"
        ],
        "answers":[
          "Não identifiquei o seu pedido."
        ]
      },
      {
        "intent": "INTENCAO.CONTAS",
        "utterances":[
          "Receber a minha conta",
          "Não recebi a minha conta"
        ],
        "answers":[]
      }

    ]
  }